datetime,mean,std
2020-01-01,101.56875000000001,8.13109988415386
2020-01-02,92.325,10.812797972772824
2020-01-03,81.01041666666667,12.51809663235995
2020-01-04,75.1375,8.805564075949489
2020-01-05,71.83583333333333,9.39804138552592
2020-01-06,57.98208333333333,4.416977108313141
2020-01-07,61.43291666666667,6.783655215273709
2020-01-08,57.40083333333333,6.179570772111622
2020-01-09,61.36291666666667,9.96007310919853
2020-01-10,57.25666666666667,5.896170951054419
2020-01-11,51.76291666666666,6.560418517380458
2020-01-12,48.951249999999995,7.579961174903433
2020-01-13,49.26125,5.622045359274428
2020-01-14,49.63999999999999,6.427558871257289
2020-01-15,51.24375,5.118368296805059
2020-01-16,49.196666666666665,2.483683566393073
2020-01-17,52.072916666666664,3.8687223811380993
2020-01-18,50.96625,3.885721702872443
2020-01-19,49.17208333333334,3.4173584753834856
2020-01-20,45.96333333333333,2.6925285782935595
2020-01-21,45.94166666666666,2.502902083697981
2020-01-22,43.95041666666666,3.396391280739614
2020-01-23,40.14083333333333,4.623403523912611
2020-01-24,36.85458333333333,2.492107505474146
2020-01-25,36.849583333333335,1.9730653246566168
2020-01-26,35.61375,4.3686708878201115
2020-01-27,38.58958333333333,4.74682729663277
2020-01-28,39.18958333333333,4.101778489309523
2020-01-29,37.02,2.7124607791193744
2020-01-30,39.53666666666667,2.6683713754088703
2020-01-31,40.105,2.500792917734556
2020-02-01,34.520833333333336,3.407660062484121
2020-02-02,39.697916666666664,3.039467887020999
2020-02-03,40.35208333333333,2.4161071441233846
2020-02-04,44.071666666666665,3.9600424532931533
2020-02-05,40.14333333333334,4.918452979356916
2020-02-06,31.487083333333334,2.538442657061296
2020-02-07,28.845,1.2759957748328574
2020-02-08,27.78916666666667,1.1137711757286841
2020-02-09,30.9875,1.9031398541220845
2020-02-10,33.80083333333334,3.992544047473304
2020-02-11,35.719166666666666,1.2888751977450423
2020-02-12,31.86708333333333,1.9304909922127302
2020-02-13,32.0375,1.4559898769356645
2020-02-14,31.02875,2.1371991270575728
2020-02-15,31.315833333333334,2.0364588119462743
2020-02-16,31.15041666666667,2.674103635542792
2020-02-17,33.565416666666664,4.590508145753791
2020-02-18,40.044583333333335,2.6028261883319606
2020-02-19,44.34458333333333,3.1419254400788206
2020-02-20,46.943333333333335,3.4670318926897057
2020-02-21,46.86416666666667,3.3441043730677755
2020-02-22,42.69875,3.172039958764707
2020-02-23,38.330416666666665,3.525610004778903
2020-02-24,39.41166666666667,2.2042501764953335
2020-02-25,41.73458333333333,3.5876199924385705
2020-02-26,44.93875,3.6046061263454248
2020-02-27,46.588750000000005,3.2046288701895214
2020-02-28,44.625,3.3665774130800648
2020-02-29,39.632083333333334,2.301536309524133
2020-03-01,51.43416666666667,8.162910774891552
2020-03-02,50.73,4.127883972080188
2020-03-03,41.23375,4.858538707221051
2020-03-04,46.17041666666666,6.714862476604431
2020-03-05,47.67166666666666,3.8795255947834253
2020-03-06,51.44541666666667,6.050741226003468
2020-03-07,66.98375,12.819868347862307
2020-03-08,77.92375,14.121617043907635
2020-03-09,73.69666666666667,11.435783149040732
2020-03-10,78.59375,15.916823971071837
2020-03-11,80.16541666666667,12.01617025698819
2020-03-12,90.86958333333332,23.447839518380157
2020-03-13,91.20333333333333,20.91728506505454
2020-03-14,99.52,15.409902519230096
2020-03-15,84.82708333333333,9.808036846146248
2020-03-16,76.675,7.559889003095906
2020-03-17,86.89583333333333,17.92410956290963
2020-03-18,88.11333333333334,22.259941338777086
2020-03-19,89.8875,19.108563354639216
2020-03-20,82.48916666666666,18.992812580293233
2020-03-21,83.02833333333334,14.713239724425272
2020-03-22,85.83083333333333,13.76140852139612
2020-03-23,75.41166666666668,9.7265328138916
2020-03-24,76.83916666666667,12.349726248212843
2020-03-25,74.98541666666667,14.524569582537406
2020-03-26,75.35000000000001,13.852989004103993
2020-03-27,75.08,11.394246450464072
2020-03-28,86.08166666666666,9.605835937489822
2020-03-29,89.73458333333333,12.151787121803245
2020-03-30,81.41541666666667,16.577573111092686
2020-03-31,73.93625,11.64118132825837
2020-04-01,75.3075,10.49328076934701
2020-04-02,77.02791666666667,12.917491673045054
2020-04-03,75.45333333333333,12.663249004987573
2020-04-04,88.36208333333333,9.377064052976454
2020-04-05,94.47500000000001,12.138569502425621
2020-04-06,95.47500000000001,18.28319613387017
2020-04-07,87.00416666666666,12.739764149296887
2020-04-08,90.25958333333334,13.099570347805358
2020-04-09,91.18333333333334,16.234751150773334
2020-04-10,105.56166666666667,22.409147718047535
2020-04-11,88.435,11.010074438006068
2020-04-12,107.63666666666667,13.833480076050739
2020-04-13,100.43916666666667,20.717425959944862
2020-04-14,88.53208333333333,13.31714846718701
2020-04-15,76.14416666666666,9.445489338333918
2020-04-16,78.66041666666666,15.796218446518928
2020-04-17,81.00708333333334,3.875100536330206
2020-04-18,82.05125,6.718299029354539
2020-04-19,71.03625000000001,7.012278555753349
2020-04-20,86.71333333333332,16.968729722810636
2020-04-21,71.80291666666666,4.416803368133295
2020-04-22,79.39208333333333,9.864469830468941
2020-04-23,65.20708333333333,7.8963059492985455
2020-04-24,77.03166666666667,13.11559531930252
2020-04-25,86.52791666666667,9.43951407148679
2020-04-26,67.23083333333334,11.998211068345972
2020-04-27,55.5525,6.573573741818861
2020-04-28,56.30916666666667,8.454528972386786
2020-04-29,50.182500000000005,5.72666095138991
2020-04-30,34.14083333333333,4.702208469725008
2020-05-01,42.80833333333334,6.256555286894775
2020-05-02,41.906666666666666,7.58988380885268
2020-05-03,29.93625,0.9731652190035676
2020-05-04,30.374166666666667,1.6196642611481458
2020-05-05,28.95583333333333,1.9528104978670384
2020-05-06,26.614166666666666,0.617258431302881
2020-05-07,28.15625,1.3349607142892455
2020-05-08,27.875,0.7105356216019124
2020-05-09,27.946250000000003,0.45924145870261335
2020-05-10,27.964583333333334,0.9772854114138415
2020-05-11,29.322916666666668,2.7381880380799357
2020-05-12,27.111666666666665,1.1292578042262087
2020-05-13,26.36791666666667,0.446191411125673
2020-05-14,27.087500000000002,0.9258333496393121
2020-05-15,26.71291666666667,0.6016461416066311
2020-05-16,28.693749999999998,1.8546623095886474
2020-05-17,28.713333333333335,1.2759912316267719
2020-05-18,28.06125,1.4142329692467042
2020-05-19,27.779583333333335,0.6545657649004493
2020-05-20,26.83875,0.8613655109639907
2020-05-21,26.229166666666668,0.4133102494722843
2020-05-22,26.67,0.42733756130762635
2020-05-23,26.74625,0.28509056532053506
2020-05-24,27.284583333333334,0.5149671088413363
2020-05-25,27.095,0.4916255202630476
2020-05-26,26.949166666666667,0.7933085186717086
2020-05-27,32.160000000000004,2.5953989389251726
2020-05-28,32.72208333333334,2.7088164897907543
2020-05-29,28.547916666666666,2.4467991143118177
2020-05-30,27.409583333333334,1.5220394760539777
2020-05-31,27.217916666666667,0.8781451755122057
2020-06-01,27.286666666666665,1.0578594739693292
2020-06-02,26.948333333333334,1.020382139271816
2020-06-03,27.687916666666666,1.0225712653666854
2020-06-04,26.939166666666665,0.9632685149448522
2020-06-05,27.285416666666666,0.9741081948953721
2020-06-06,27.037499999999998,0.7074832921671386
2020-06-07,26.8925,0.36645481363298094
2020-06-08,27.361666666666665,0.7878019319968512
2020-06-09,30.335416666666664,2.477507476699403
2020-06-10,30.160833333333333,1.1473671815401385
2020-06-11,29.788749999999997,1.8544853088847997
2020-06-12,29.18375,1.4391416901569583
2020-06-13,28.165000000000003,1.382360929399567
2020-06-14,27.507499999999997,1.8409691445823715
2020-06-15,29.270833333333332,1.9069573230368992
2020-06-16,27.882499999999997,1.2661693340974172
2020-06-17,28.372083333333332,1.7057498138754787
2020-06-18,29.719166666666666,2.046870180600587
2020-06-19,31.242500000000003,2.5188838970775365
2020-06-20,30.05541666666667,1.3678989892998454
2020-06-21,28.56958333333333,1.1378258412110085
2020-06-22,28.467916666666667,1.8908520719429711
2020-06-23,34.77166666666667,1.4738935914239457
2020-06-24,30.771666666666665,3.500496445123006
2020-06-25,30.98,2.0167257147901045
2020-06-26,31.192083333333333,2.249987399320597
2020-06-27,28.813333333333333,1.2146413557871336
2020-06-28,28.462500000000002,0.9934054297345531
2020-06-29,29.043333333333333,2.060919310840944
2020-06-30,28.591250000000002,1.5930837268861808
2020-07-01,28.22608695652174,1.141966959920211
2020-07-02,28.97791666666667,1.218502213755696
2020-07-03,31.73,3.85849373629704
2020-07-04,30.940833333333334,3.1952722094922708
2020-07-05,32.25833333333333,3.4654965974109206
2020-07-06,30.355,3.2561834154086897
2020-07-07,28.409166666666664,1.2174667807865809
2020-07-08,31.784583333333334,4.189851070474178
2020-07-09,31.010416666666668,4.0394580772637125
2020-07-10,31.07375,2.113529527879227
2020-07-11,33.855,4.4427283039376535
2020-07-12,29.809583333333336,1.883376891249532
2020-07-13,40.24875,7.866325208291904
2020-07-14,47.26666666666667,3.1392752786849254
2020-07-15,46.32,4.555776075727814
2020-07-16,43.846666666666664,2.351655599353573
2020-07-17,40.626666666666665,4.047083401410327
2020-07-18,39.18208333333333,4.103625098528784
2020-07-19,48.47833333333333,4.7369809378756305
2020-07-20,57.615833333333335,7.819818699481056
2020-07-21,49.85166666666667,4.443832723602711
2020-07-22,42.71625,3.1364405365207264
2020-07-23,39.53041666666667,3.5004527398692264
2020-07-24,40.38,2.4976893669776152
2020-07-25,53.34916666666667,4.473209057864649
2020-07-26,55.79,5.528771386436434
2020-07-27,56.89125000000001,4.075180777531863
2020-07-28,49.21125,6.897292671451036
2020-07-29,53.08375,8.627491858058724
2020-07-30,52.6475,7.44104670640875
2020-07-31,49.444583333333334,6.1995665901575014
2020-08-01,52.53375,4.459322245734693
2020-08-02,52.138749999999995,4.101641572219168
2020-08-03,55.92458333333334,5.31873307827823
2020-08-04,62.87291666666667,6.534908588008191
2020-08-05,65.75,6.402047906045717
2020-08-06,43.01541666666666,7.795398854266628
2020-08-07,47.522083333333335,7.970907416112162
2020-08-08,47.497083333333336,4.857564678051057
2020-08-09,54.73166666666666,10.286328481202048
2020-08-10,74.04333333333334,11.038170006910077
2020-08-11,61.024166666666666,7.565725872050511
2020-08-12,53.74791666666667,5.672665180814321
2020-08-13,69.66291666666667,10.574261400526595
2020-08-14,78.98458333333333,9.226726763883407
2020-08-15,78.74625,13.762925565035063
2020-08-16,74.94375000000001,16.849147265869465
2020-08-17,66.88,14.635833631432018
2020-08-18,63.895833333333336,17.069188085086466
2020-08-19,55.41041666666666,5.147328120040757
2020-08-20,55.68833333333333,4.771400912380626
2020-08-21,64.02125,14.08870078019663
2020-08-22,58.98666666666667,5.506373119171659
2020-08-23,76.47666666666667,16.104750491882733
2020-08-24,72.00750000000001,18.009308040204004
2020-08-25,70.23166666666667,16.503734930816922
2020-08-26,73.08541666666666,12.613680971267968
2020-08-27,69.30583333333333,9.021304695319685
2020-08-28,78.97250000000001,11.55458585791053
2020-08-29,73.50666666666667,9.162931781945105
2020-08-30,77.59291666666667,12.279660269754196
2020-08-31,81.44208333333333,8.592945022904935
2020-09-01,93.98041666666667,12.53703400162779
2020-09-02,100.48708333333333,13.407666683871478
2020-09-03,103.44708333333334,25.811792633392887
2020-09-04,70.40625,14.232861795552724
2020-09-05,61.16583333333333,8.96799668224479
2020-09-06,86.86500000000001,20.951646609566843
2020-09-07,90.23958333333333,13.208306503424494
2020-09-08,80.57125,17.06338217977443
2020-09-09,65.77333333333333,16.64063169439207
2020-09-10,60.418749999999996,12.40539059283784
2020-09-11,64.57708333333333,16.418324989809847
2020-09-12,66.13375,10.404149595442572
2020-09-13,67.59541666666667,5.328824798385103
2020-09-14,70.0175,6.922394816824592
2020-09-15,78.4625,17.622495320026264
2020-09-16,79.83958333333334,17.70938647678282
2020-09-17,78.27708333333332,18.006515361696568
2020-09-18,73.69666666666667,11.38816230037622
2020-09-19,70.375,9.925264644374455
2020-09-20,80.05,11.37172695385549
2020-09-21,78.03208333333333,14.213327480914176
2020-09-22,73.92125,9.429298149223863
2020-09-23,75.72,10.659065543511286
2020-09-24,67.11333333333333,7.253724480608546
2020-09-25,74.7175,11.664631137126344
2020-09-26,71.47666666666667,8.892570258204396
2020-09-27,70.61083333333333,5.497963193343727
2020-09-28,64.86166666666666,7.889018601369473
2020-09-29,65.71166666666666,8.68696207801827
2020-09-30,62.48208333333333,9.379551754918165
2020-10-01,64.35916666666667,11.797591101453783
2020-10-02,62.76666666666667,12.321794994401507
2020-10-03,64.9975,13.866941059506456
2020-10-04,72.56875000000001,17.08113409138357
2020-10-05,67.13000000000001,13.982812741859666
2020-10-06,70.33,14.163256503453177
2020-10-07,65.85583333333334,11.997711708150186
2020-10-08,64.84958333333334,11.605103254946552
2020-10-09,73.52,20.42175055307879
2020-10-10,73.64833333333333,16.935260274932595
2020-10-11,72.88708333333334,10.858540809634261
2020-10-12,61.10333333333333,5.359237994720702
2020-10-13,61.401250000000005,8.402662783179276
2020-10-14,60.27,6.92187333276062
2020-10-15,59.986250000000005,11.927831105917967
2020-10-16,62.50833333333333,12.144538105547753
2020-10-17,59.76,6.897143706227078
2020-10-18,59.96625,6.402427401418528
2020-10-19,54.1175,4.428402646553269
2020-10-20,62.16625,10.445191451405844
2020-10-21,60.4675,9.343779260532921
2020-10-22,65.93708333333333,14.736583427755171
2020-10-23,63.20875,10.91110495839186
2020-10-24,65.77916666666667,10.874613802904399
2020-10-25,60.06125,6.080850421431701
2020-10-26,58.07916666666667,6.40334214139071
2020-10-27,64.78083333333333,9.466020198890195
2020-10-28,63.04458333333333,7.000992463287935
2020-10-29,53.30083333333334,8.01456549944709
2020-10-30,41.575833333333335,5.443111255975533
2020-10-31,39.95916666666667,3.463301913626292
2020-11-01,41.01083333333333,3.2260096723037113
2020-11-02,47.319583333333334,7.276049142439074
2020-11-03,58.78666666666666,4.926450937599978
2020-11-04,50.844166666666666,7.311287233756632
2020-11-05,43.20916666666667,4.183876834028321
2020-11-06,45.6975,5.833822857306757
2020-11-07,41.28208333333333,4.9518674379660474
2020-11-08,55.024166666666666,8.499379985912352
2020-11-09,50.60166666666667,5.217889517275425
2020-11-10,48.75125,6.674712377779808
2020-11-11,49.93875,6.220460847250303
2020-11-12,48.48083333333333,5.0018143809471045
2020-11-13,39.57,5.8142329113844475
2020-11-14,40.54333333333333,3.85180778186111
2020-11-15,41.559583333333336,2.7769352502458498
2020-11-16,41.05416666666667,6.923000679315084
2020-11-17,35.41958333333333,3.1348344095601473
2020-11-18,39.045,5.908884246918218
2020-11-19,38.31666666666667,5.447652599109066
2020-11-20,36.814166666666665,3.2343898244076703
2020-11-21,36.60208333333333,3.243496475111076
2020-11-22,32.55416666666667,2.8769895447463316
2020-11-23,32.38333333333333,4.263784465825459
2020-11-24,33.487500000000004,3.3449289977516705
2020-11-25,37.27375,3.808980021521226
2020-11-26,47.492916666666666,8.906664568281665
2020-11-27,55.35666666666666,6.8805091233935185
2020-11-28,64.50458333333333,10.556143061771175
2020-11-29,66.74958333333333,8.945595699981984
2020-11-30,65.69416666666667,9.047475226327755
2020-12-01,65.71708333333333,10.535637856163806
2020-12-02,74.39333333333333,12.181593979609477
2020-12-03,82.83791666666666,12.587851624264275
2020-12-04,81.06166666666667,9.16925612964403
2020-12-05,77.655,7.069096861324126
2020-12-06,83.00500000000001,8.26401681466364
2020-12-07,79.87666666666667,11.371752442925782
2020-12-08,81.795,15.534064391579525
2020-12-09,76.03166666666667,9.618225754611228
2020-12-10,67.58041666666666,9.591151483287206
2020-12-11,60.155,10.350797490804862
2020-12-12,61.09625,11.611698303865806
2020-12-13,60.036249999999995,11.19092870704156
2020-12-14,58.69,10.666069322042148
2020-12-15,60.36916666666667,8.618954802298129
2020-12-16,64.90166666666666,10.162224451226288
2020-12-17,47.4575,7.300565344398064
2020-12-18,37.498333333333335,3.5326153221788457
2020-12-19,36.78208333333333,2.3117995609794826
2020-12-20,36.49791666666667,2.1405464137166867
2020-12-21,45.7725,9.576439499013237
2020-12-22,61.615833333333335,13.032332340447894
2020-12-23,68.77541666666666,11.658806329819187
2020-12-24,65.86958333333334,8.229190080685825
2020-12-25,72.57708333333333,8.080283292045529
2020-12-26,72.51125,8.148972361192431
2020-12-27,66.405,10.517128885774865
2020-12-28,47.365,6.826628170181315
2020-12-29,49.02791666666667,6.4243943914661275
2020-12-30,46.8025,3.759113274257064
2020-12-31,41.395833333333336,2.692005744335669
2021-01-01,42.69875,2.181651373934732
2021-01-02,35.42916666666667,4.11383552826595
2021-01-03,39.055416666666666,6.852991716835388
2021-01-04,43.17291666666667,1.6755543642437374
2021-01-05,45.218333333333334,5.151185314558922
2021-01-06,46.03791666666667,2.7223790413767746
2021-01-07,41.64875,2.321358883330492
2021-01-08,40.251666666666665,2.0858189230396134
2021-01-09,37.50333333333334,2.050513544725184
2021-01-10,39.36833333333333,3.11240808024446
2021-01-11,41.07208333333333,4.3246814199496795
2021-01-12,38.3525,4.343461102372861
2021-01-13,32.15375,4.554358459570447
2021-01-14,34.91375,5.804992463388733
2021-01-15,36.50541666666667,2.2844635545099123
2021-01-16,39.11875,2.6543537860916633
2021-01-17,35.797916666666666,2.1477854705571082
2021-01-18,43.25541666666667,5.2936812038888235
2021-01-19,47.45249999999999,3.3010054463029506
2021-01-20,51.12375,4.209080052850545
2021-01-21,46.63458333333333,3.255443573818906
2021-01-22,42.283750000000005,2.105419120724671
2021-01-23,46.986250000000005,4.026100511175415
2021-01-24,42.790416666666665,1.9358168238142577
2021-01-25,44.17625,2.7680613408948385
2021-01-26,42.34375,2.210669409733268
2021-01-27,40.5525,2.5958583233263326
2021-01-28,44.343333333333334,1.6007054604187783
2021-01-29,45.78458333333333,2.713774812301871
2021-01-30,52.39625,6.175272437221941
2021-01-31,52.11666666666667,3.3469839332263573
2021-02-01,51.439166666666665,6.2924087574643845
2021-02-02,51.86708333333333,4.056754409694984
2021-02-03,54.149166666666666,5.352229861726196
2021-02-04,48.7825,7.398812037429886
2021-02-05,41.93541666666667,6.67149418057524
2021-02-06,45.25458333333333,5.144778677934315
2021-02-07,50.76166666666666,7.312589303307044
2021-02-08,43.38666666666666,4.329667791921892
2021-02-09,50.24666666666667,5.196110306646747
2021-02-10,52.13583333333333,2.646216193913024
2021-02-11,54.00333333333333,4.784859878614109
2021-02-12,45.62916666666666,3.9347414882950256
2021-02-13,41.07791666666667,3.0564073527259246
2021-02-14,31.942083333333333,1.5002607865088768
2021-02-15,32.9,1.0958102025442185
2021-02-16,31.895,0.8833631386822813
2021-02-17,37.580416666666665,8.377881064039308
2021-02-18,40.29083333333333,3.2963760294505584
2021-02-19,39.916666666666664,2.808703347232247
2021-02-20,45.555,4.454104116234921
2021-02-21,57.54333333333333,8.200288259337707
2021-02-22,58.794999999999995,6.169320306442053
2021-02-23,54.95708333333334,5.821111860899207
2021-02-24,51.39791666666667,5.227470066590669
2021-02-25,59.45666666666667,6.74478005356843
2021-02-26,59.14041666666666,5.0079349898255305
2021-02-27,60.62041666666667,8.75012222481922
2021-02-28,61.78375,4.90031215731513
2021-03-01,69.01916666666666,8.659995941693335
2021-03-02,69.90833333333333,7.744912308520131
2021-03-03,69.01125,6.755270607330318
2021-03-04,63.8125,9.366300485389559
2021-03-05,69.47166666666666,8.752194093441672
2021-03-06,67.02416666666666,7.812223374812765
2021-03-07,86.13958333333333,9.693645825181457
2021-03-08,75.86083333333333,8.812128458608306
2021-03-09,72.29875,8.40022945468184
2021-03-10,82.26208333333334,14.912947097176612
2021-03-11,80.92666666666666,11.922349369681864
2021-03-12,92.30291666666666,12.344669146663247
2021-03-13,101.09083333333332,15.773915980577517
2021-03-14,99.04083333333334,10.681594457052165
2021-03-15,87.13125000000001,11.043538072201953
2021-03-16,86.38708333333334,10.119070879829552
2021-03-17,89.57958333333333,12.71677477540614
2021-03-18,90.42041666666667,11.46126310634014
2021-03-19,88.53375,7.853517524014322
2021-03-20,83.49875,8.17934583995353
2021-03-21,59.405833333333334,3.5408153281985477
2021-03-22,77.0125,6.922828179292045
2021-03-23,83.83291666666666,12.967541914221895
2021-03-24,80.38791666666667,6.648090918626101
2021-03-25,79.78541666666666,7.107116445272768
2021-03-26,76.75333333333333,7.3095278302671005
2021-03-27,86.61625,12.736258344994223
2021-03-28,87.135,4.415676618594258
2021-03-29,84.01875,6.609573631253121
2021-03-30,88.60541666666667,12.893741987008127
2021-03-31,101.11500000000001,11.87780026479797
2021-04-01,97.03666666666668,10.787498669118428
2021-04-02,88.76833333333333,15.225442855461628
2021-04-03,99.12541666666665,11.677402919711014
2021-04-04,90.30833333333334,12.604563240856608
2021-04-05,87.43583333333333,12.813069386429207
2021-04-06,75.92666666666666,13.943705971938885
2021-04-07,55.869166666666665,9.749166259410249
2021-04-08,57.11166666666667,11.745752115280792
2021-04-09,67.70166666666667,10.20211174502471
2021-04-10,74.85708333333334,8.805242252385135
2021-04-11,80.16333333333334,16.47131912213434
2021-04-12,77.31041666666667,12.032006041556754
2021-04-13,63.875,9.093216296157024
2021-04-14,60.01333333333333,5.667275755841919
2021-04-15,53.81875,6.217665095446234
2021-04-16,58.34291666666667,11.733438088815145
2021-04-17,64.70041666666667,10.185072401256685
2021-04-18,68.93833333333333,8.94981256382145
2021-04-19,60.10708333333333,7.490934509047624
2021-04-20,52.90208333333334,11.028318480824389
2021-04-21,48.90375,6.884643158003431
2021-04-22,47.415,4.066903533135017
2021-04-23,47.44208333333333,5.477062033106137
2021-04-24,51.43,5.998280913148657
2021-04-25,51.90125,4.12994716515315
2021-04-26,48.663333333333334,6.053767541727659
2021-04-27,48.16791666666666,5.3622707545337125
2021-04-28,55.705000000000005,8.702264073216805
2021-04-29,61.109583333333326,8.82812574483773
2021-04-30,53.42291666666667,6.809091415585275
2021-05-01,41.624583333333334,7.43849738166933
2021-05-02,39.473333333333336,4.483716108868575
2021-05-03,32.11083333333333,2.055495109438974
2021-05-04,34.63041666666667,4.500582067830267
2021-05-05,38.356249999999996,8.16401159517103
2021-05-06,34.76,4.088640679822045
2021-05-07,32.982083333333335,4.288948365241779
2021-05-08,37.790416666666665,3.8498780095485867
2021-05-09,36.5375,3.8349332892937453
2021-05-10,33.244285714285716,1.3762855462301073
2021-05-11,36.66958333333333,5.941769227929592
2021-05-12,36.76916666666667,5.899840761791183
2021-05-13,39.39208333333333,6.425810034653165
2021-05-14,41.038333333333334,6.285553945818706
2021-05-15,44.93666666666667,9.63991550868018
2021-05-16,43.75666666666667,6.654630729418991
2021-05-17,36.29625,5.018736037394622
2021-05-18,45.96,11.68625725780723
2021-05-19,50.79791666666667,13.909195888103067
2021-05-20,52.00083333333333,9.27740917576091
2021-05-21,52.58375,12.300231108645354
2021-05-22,49.38958333333333,10.154496746105474
2021-05-23,51.1175,9.990046459394947
2021-05-24,49.56041666666667,4.973411460755185
2021-05-25,55.69375,12.315858215607893
2021-05-26,51.0625,9.344406953057423
2021-05-27,45.78916666666667,10.00117380792034
2021-05-28,50.084583333333335,8.731445410083909
2021-05-29,53.895,11.651495892019152
2021-05-30,51.59375,7.830089017484995
2021-05-31,49.267500000000005,5.9959074810856725
2021-06-01,46.32333333333333,9.667224621578727
2021-06-02,49.05041666666667,12.37564033623651
2021-06-03,43.35958333333334,4.523286107482581
2021-06-04,38.099583333333335,5.63770573068488
2021-06-05,34.958333333333336,3.0587290151966373
2021-06-06,35.367916666666666,2.866100182063281
2021-06-07,39.75666666666667,7.589748616256737
2021-06-08,38.94583333333333,6.232913978763596
2021-06-09,38.41833333333333,5.261216313881163
2021-06-10,40.736250000000005,4.280909911912776
2021-06-11,52.86666666666667,11.574606638697482
2021-06-12,48.54208333333333,8.178036321740697
2021-06-13,48.623333333333335,12.111659372423878
2021-06-14,47.29666666666666,9.44212608089599
2021-06-15,47.12083333333334,11.050135122788499
2021-06-16,56.02375,14.888178798455595
2021-06-17,53.64875,18.258035351354323
2021-06-18,49.57916666666667,15.008840269384041
2021-06-19,46.705000000000005,8.570851005385743
2021-06-20,51.35833333333333,11.027230984630995
2021-06-21,50.98833333333334,7.279726862211646
2021-06-22,49.482499999999995,9.879003756320335
2021-06-23,50.15291666666667,7.394270684068533
2021-06-24,52.882083333333334,4.648870811158401
2021-06-25,52.5025,4.867107211547292
2021-06-26,54.56125,6.785029757071652
2021-06-27,64.03125,12.484951398104977
2021-06-28,57.43958333333333,5.494225806257414
2021-06-29,52.33291666666667,6.252534428162898
2021-06-30,49.33166666666667,7.583301831436396
2021-07-01,43.557916666666664,1.8079582025917622
2021-07-02,48.39416666666667,6.5352661478464915
2021-07-03,63.81875,11.157749232474378
2021-07-04,64.87625,12.800979178749676
2021-07-05,77.54875,15.539159037314613
2021-07-06,88.48666666666666,17.132212899698036
2021-07-07,80.37666666666667,17.636352937258206
2021-07-08,88.48583333333333,21.434299598432464
2021-07-09,88.13166666666666,19.177836543592544
2021-07-10,98.20875000000001,28.388492205009996
2021-07-11,79.70041666666667,10.857363151403254
2021-07-12,88.50958333333334,21.372168508959543
2021-07-13,75.23833333333333,9.774523080400158
2021-07-14,71.24,14.753847250654731
2021-07-15,70.0675,17.370489780584528
2021-07-16,77.71625,16.616583600231383
2021-07-17,75.48916666666666,16.148662864734046
2021-07-18,90.55916666666667,22.901894532732573
2021-07-19,84.60583333333334,25.893315389962293
2021-07-20,76.78375,16.50727265611974
2021-07-21,79.80958333333334,18.765036516644848
2021-07-22,85.41333333333334,19.788762218616085
2021-07-23,101.77708333333334,19.79266563306516
2021-07-24,106.06791666666668,29.649001739800056
2021-07-25,105.24916666666667,28.647097419803462
2021-07-26,96.73666666666666,29.895913151941116
2021-07-27,92.38916666666667,32.57099148370961
2021-07-28,77.27625,18.3737262350583
2021-07-29,77.59541666666667,23.002064931722728
2021-07-30,80.50208333333333,26.041495311900007
2021-07-31,75.15208333333334,22.049476968886342
2021-08-01,82.08291666666666,20.960934778185884
2021-08-02,90.01625,24.183691920203255
2021-08-03,104.03375,31.409961285152562
2021-08-04,104.20041666666667,33.029188603700824
2021-08-05,103.06958333333334,33.061840670393615
2021-08-06,91.83375000000001,22.01016480836308
2021-08-07,83.77458333333333,17.883613334720614
2021-08-08,75.17041666666667,13.48146698222243
2021-08-09,95.72708333333333,22.774870682430873
2021-08-10,110.04416666666667,30.39452309311616
2021-08-11,99.7375,26.019044237701706
2021-08-12,92.01708333333333,25.4541851823448
2021-08-13,89.57791666666667,26.197635634963685
2021-08-14,91.72666666666667,28.96115053964034
2021-08-15,105.95875000000001,32.9764428846728
2021-08-16,100.86916666666667,28.184413811254938
2021-08-17,87.46708333333333,18.89315391977295
2021-08-18,101.82458333333334,25.337520550458905
2021-08-19,103.32791666666667,26.864637007746282
2021-08-20,71.99291666666666,20.58682767528509
2021-08-21,60.497083333333336,7.891652981179695
2021-08-22,70.28416666666666,11.285775932819027
2021-08-23,66.29916666666666,11.739267037584169
2021-08-24,80.52041666666666,22.45910708650699
2021-08-25,77.73291666666667,25.080650514961192
2021-08-26,62.5425,9.978967991426419
2021-08-27,75.11625,15.053879411171296
2021-08-28,102.24583333333334,22.136610226474165
2021-08-29,111.40208333333334,34.192696268058626
2021-08-30,102.82416666666667,30.96803161139012
2021-08-31,102.79666666666667,19.482055437195818
2021-09-01,113.20583333333333,25.510984491198005
2021-09-02,124.81208333333335,33.39246204696459
2021-09-03,123.85291666666667,30.825374003043933
2021-09-04,135.59,29.46547353148737
2021-09-05,137.59458333333333,25.675691088309954
2021-09-06,130.33833333333334,27.224305583297316
2021-09-07,108.6875,21.88875634538943
2021-09-08,101.70875000000001,24.721438383736288
2021-09-09,108.06541666666668,29.19483068882701
2021-09-10,103.90625,26.819936421884243
2021-09-11,117.42708333333333,24.290371590256772
2021-09-12,129.51500000000001,29.953550127111665
2021-09-13,112.32666666666667,20.505712601013457
2021-09-14,57.67416666666667,49.08524677995696
2021-09-15,104.21041666666667,57.53452857267287
2021-09-16,128.21458333333334,32.17837377726344
2021-09-17,122.5,31.733843681196394
2021-09-18,129.30416666666667,26.423361191692976
2021-09-19,134.46083333333334,27.695081954974487
2021-09-20,121.52791666666667,20.856913561145653
2021-09-21,116.44833333333332,27.426840498135117
2021-09-22,122.36375,32.64193033141376
2021-09-23,93.59083333333332,22.876660009459545
2021-09-24,80.80416666666666,18.644893208426353
2021-09-25,119.75583333333333,33.19879187386279
2021-09-26,103.54916666666666,20.066768747633848
2021-09-27,104.67833333333334,18.929043859880387
2021-09-28,113.9475,25.721196173753192
2021-09-29,118.02499999999999,27.381335915578322
2021-09-30,109.695,23.299979846977664
2021-10-01,100.46791666666667,20.318923922886707
2021-10-02,102.55541666666666,22.017004886375137
2021-10-03,104.11500000000001,19.056270678543402
2021-10-04,93.98583333333333,26.7093823145199
2021-10-05,88.82583333333334,21.392066777534442
2021-10-06,99.83333333333333,17.8177031327704
2021-10-07,106.03083333333332,25.236068548747873
2021-10-08,104.51458333333333,21.450722087606053
2021-10-09,121.01541666666667,17.057187947853702
2021-10-10,115.005,14.292908852933364
2021-10-11,109.74416666666667,19.51724675804691
2021-10-12,101.62291666666665,17.11698558365387
2021-10-13,101.13875,20.588423786723915
2021-10-14,111.73458333333333,20.112091534840353
2021-10-15,115.37083333333334,17.393704737425942
2021-10-16,119.91291666666666,17.00637769860285
2021-10-17,111.10916666666667,24.324176006718034
2021-10-18,95.81166666666667,15.775048726353925
2021-10-19,85.35583333333334,17.350463699270694
2021-10-20,83.87124999999999,18.981206566427524
2021-10-21,82.95791666666666,20.718684694521865
2021-10-22,79.29541666666667,7.404468673752342
2021-10-23,94.38541666666667,12.668645642985531
2021-10-24,96.99916666666667,17.11692143100979
2021-10-25,92.12625000000001,16.27252868099832
2021-10-26,85.87958333333334,7.072645700877775
2021-10-27,88.76791666666666,6.414577812646194
2021-10-28,93.88208333333334,9.96484864483614
2021-10-29,95.48583333333333,9.749206396539085
2021-10-30,102.86708333333333,12.320824534508434
2021-10-31,83.86,9.430577002956689
2021-11-01,96.16708333333334,23.987281318153418
2021-11-02,92.82916666666667,17.734774956385074
2021-11-03,88.59375,16.667139973351887
2021-11-04,84.27458333333333,12.399293100175429
2021-11-05,78.91583333333334,10.78564219396471
2021-11-06,81.26166666666667,7.436481558574219
2021-11-07,81.4875,7.38918495829047
2021-11-08,70.4575,4.975646997474625
2021-11-09,55.189166666666665,2.608581018012711
2021-11-10,64.99541666666666,5.499857689199715
2021-11-11,58.87833333333333,5.036083421855123
2021-11-12,64.46083333333333,9.813603210391912
2021-11-13,61.29583333333333,9.111561655232402
2021-11-14,40.355,7.318397900229728
2021-11-15,39.60125,8.874103169628883
2021-11-16,42.51541666666667,5.528420624504728
2021-11-17,50.437083333333334,5.145325002762993
2021-11-18,49.76666666666667,3.8151296822983127
2021-11-19,49.431666666666665,3.8285752448916437
2021-11-20,48.29541666666666,4.1545428034619025
2021-11-21,49.33291666666667,3.6778472899789887
2021-11-22,51.3125,6.6014077879349875
2021-11-23,44.44166666666666,4.2329295710681505
2021-11-24,45.48875,4.309754671218187
2021-11-25,44.482499999999995,6.212272741009977
2021-11-26,38.69625,4.2864952872744535
2021-11-27,34.17125,7.048697883143103
2021-11-28,32.865,6.800944947131468
2021-11-29,35.9525,6.456809179665194
2021-11-30,33.662083333333335,5.088281489313731
2021-12-01,32.865833333333335,4.478896328208609
2021-12-02,33.39125,4.82452729155474
2021-12-03,40.68833333333333,4.462018130521374
2021-12-04,38.7475,2.4137941448916163
2021-12-05,39.59791666666667,3.368378501873577
2021-12-06,41.19083333333334,3.9582076715370116
2021-12-07,43.32375,2.92840038320374
2021-12-08,40.096666666666664,3.783383195738582
2021-12-09,40.750416666666666,2.117932706503056
2021-12-10,41.70375,2.9386921262771786
2021-12-11,40.13791666666667,1.923115631438751
2021-12-12,46.477916666666665,3.8548478559800015
2021-12-13,48.97833333333333,5.695542625343213
2021-12-14,56.31333333333333,3.898126268580468
2021-12-15,57.102916666666665,5.05964724596717
2021-12-16,54.82333333333333,4.407922380231408
2021-12-17,51.74666666666667,4.377510377080709
2021-12-18,51.25541666666667,4.7023425976631135
2021-12-19,53.2175,7.352116672443212
2021-12-20,51.57833333333334,5.0666725781811435
2021-12-21,61.79208333333333,7.114152446794481
2021-12-22,72.40958333333333,10.226823842513232
2021-12-23,70.4075,6.176206271898915
2021-12-24,65.6475,6.753047782137045
2021-12-25,58.04333333333333,4.966971491472592
2021-12-26,60.095,3.637129780950671
2021-12-27,58.08208333333334,2.8456159708617026
2021-12-28,57.73,1.718432045689378
2021-12-29,57.60458333333333,2.60713565826171
2021-12-30,57.74208333333333,3.3465387429359055
2021-12-31,54.79333333333333,2.9218333533806384
2022-01-01,53.51,3.1657570013038527
2022-01-02,50.36041666666667,3.5890043177396187
2022-01-03,50.17083333333333,3.2686733336812406
2022-01-04,57.969166666666666,4.7415342560662035
2022-01-05,52.312916666666666,4.639110183763848
2022-01-06,48.842083333333335,3.3902789152499553
2022-01-07,51.50458333333333,4.20124410059135
2022-01-08,54.48333333333333,5.393853721692355
2022-01-09,51.662083333333335,2.86704965633385
2022-01-10,50.022083333333335,2.8715258467243157
2022-01-11,48.161249999999995,5.246340598351679
2022-01-12,49.5225,5.326388979901617
2022-01-13,47.166666666666664,3.5901891274714877
2022-01-14,44.490833333333335,2.181927581523842
2022-01-15,41.60916666666667,2.5980124789114685
2022-01-16,39.19708333333333,4.193544188668919
2022-01-17,39.51375,2.9427106884048566
2022-01-18,40.54833333333333,2.6377521172172473
2022-01-19,37.54666666666667,2.4706039864719327
2022-01-20,35.82,2.3034246715252746
2022-01-21,38.31041666666667,2.761457521840147
2022-01-22,40.65625,2.55394122110701
2022-01-23,43.72083333333333,3.1139753938692594
2022-01-24,43.16458333333333,2.030821164319812
2022-01-25,45.55625,4.664873186682153
2022-01-26,51.73374999999999,4.066718378442895
2022-01-27,53.385416666666664,5.433890414448188
2022-01-28,50.56041666666667,2.624172712977603
2022-01-29,47.79749999999999,1.457162967222085
2022-01-30,43.6675,4.558061420499232
2022-01-31,43.00791666666667,2.670665084347649
2022-02-01,43.87083333333334,2.778965895666111
2022-02-02,44.893750000000004,2.5158364716678046
2022-02-03,44.86666666666667,3.7789343640153654
2022-02-04,44.09625,2.9312971049334617
2022-02-05,46.48,3.670859394699311
2022-02-06,49.873333333333335,6.028696352458381
2022-02-07,53.75625,4.176749112907539
2022-02-08,46.53583333333333,3.6361911709760335
2022-02-09,48.31583333333333,5.753655863631528
2022-02-10,46.5275,5.9588817524037525
2022-02-11,50.85833333333333,6.846169774385539
2022-02-12,56.79541666666666,10.958429346027835
2022-02-13,61.03541666666666,8.258262781400617
2022-02-14,57.97875,5.919624923855434
2022-02-15,52.695,5.138183573480281
2022-02-16,50.29666666666666,5.08189254944041
2022-02-17,48.20458333333334,2.487941316179628
2022-02-18,54.13458333333333,4.55527021979622
2022-02-19,53.812916666666666,3.885129374116543
2022-02-20,55.07583333333333,5.4733742209279646
2022-02-21,61.46666666666667,10.058437801890154
2022-02-22,51.92458333333334,3.359647987728666
2022-02-23,52.71333333333333,8.602530803890446
2022-02-24,62.2525,8.085279296619737
2022-02-25,65.04583333333333,6.0953880760047925
2022-02-26,65.05916666666667,7.927609934612222
2022-02-27,62.153333333333336,8.956374784217234
2022-02-28,53.98500000000001,6.372961225569212
2022-03-01,55.9675,4.453774412982674
2022-03-02,50.62583333333333,5.403316144953845
2022-03-03,44.60041666666667,2.6750464915369334
2022-03-04,48.00833333333333,3.7146193750435956
2022-03-05,49.967083333333335,3.695473705196278
2022-03-06,51.41708333333333,4.362804721303934
2022-03-07,47.22875,5.234948870229109
2022-03-08,46.931666666666665,3.0717133962018335
2022-03-09,46.17583333333334,6.248272050990451
2022-03-10,51.385,5.675153321047047
2022-03-11,41.00541666666667,4.624986936918487
2022-03-12,41.149166666666666,3.182479094731942
2022-03-13,40.9625,3.510018270731594
2022-03-14,44.439166666666665,4.3967704715745795
2022-03-15,42.635416666666664,2.5314714386948016
2022-03-16,44.971666666666664,3.7150652948403877
2022-03-17,44.42666666666667,3.500403289394784
2022-03-18,53.788333333333334,8.5357777296082
2022-03-19,54.5,5.01333005704488
2022-03-20,59.62416666666667,4.197885509827916
2022-03-21,53.979166666666664,3.21690496226293
2022-03-22,55.34458333333333,3.8677237201437067
2022-03-23,60.49375,4.809049271041455
2022-03-24,74.56,9.633175466335983
2022-03-25,64.07625,4.772590958433557
2022-03-26,69.49916666666667,10.236585672570914
2022-03-27,72.8725,3.9148515991641744
2022-03-28,62.25208333333333,5.886272149573153
2022-03-29,56.620416666666664,5.8007064630969305
2022-03-30,45.84625,4.927364418093679
2022-03-31,47.32083333333333,5.208361101375252
2022-04-01,48.12125,8.357393140728488
2022-04-02,34.69583333333333,0.8671739039605266
2022-04-03,40.692083333333336,2.669920987540669
2022-04-04,38.19,4.675930040016683
2022-04-05,42.95249999999999,3.7421038607109516
2022-04-06,50.849583333333335,8.019664136503408
2022-04-07,46.745000000000005,3.691457824432675
2022-04-08,38.91791666666666,3.366968678159948
2022-04-09,46.739583333333336,5.1470366984666365
2022-04-10,57.550000000000004,9.965775346698802
2022-04-11,52.89333333333334,5.731504595438814
2022-04-12,55.865,6.434000716303297
2022-04-13,57.72,5.789726283235036
2022-04-14,57.937916666666666,3.681514314100588
2022-04-15,57.163333333333334,4.3776027454648565
2022-04-16,63.40833333333333,8.602614196538905
2022-04-17,62.83916666666667,8.127411437023882
2022-04-18,54.67916666666667,6.384504282051679
2022-04-19,56.15,6.450917022779208
2022-04-20,62.50791666666667,7.046498963664689
2022-04-21,63.71625,8.414266256212406
2022-04-22,54.63375,6.948973532268915
2022-04-23,61.43958333333333,7.717712816838182
2022-04-24,70.43666666666667,9.478280740572174
2022-04-25,59.520833333333336,11.163272434607844
2022-04-26,49.812916666666666,6.607573703987206
2022-04-27,50.19375,7.194457898724665
2022-04-28,48.07083333333333,5.153368604225251
2022-04-29,45.824999999999996,6.258817779740835
2022-04-30,46.218333333333334,6.026820249421794
2022-05-01,49.04291666666666,6.300943669260059
2022-05-02,39.947916666666664,3.949905864774467
2022-05-03,35.62583333333333,2.301324602818178
2022-05-04,36.95458333333333,3.077822464533717
2022-05-05,34.897083333333335,2.4727532255550186
2022-05-06,50.849583333333335,10.866292707733626
2022-05-07,47.400416666666665,5.420549049012805
2022-05-08,49.15208333333334,5.156509587229372
2022-05-09,40.95125,4.825008504160111
2022-05-10,37.11875,3.5492746503304393
2022-05-11,35.94583333333333,2.141322055396513
2022-05-12,35.04541666666667,3.154290355203142
2022-05-13,34.11,2.3330368341638352
2022-05-14,35.935833333333335,2.705483829858012
2022-05-15,32.204166666666666,1.7308427619707873
2022-05-16,28.86,2.5565142709148523
2022-05-17,30.409166666666664,2.9024441224695385
2022-05-18,30.555833333333336,3.2291295322782996
2022-05-19,27.58,1.5719470065190966
2022-05-20,31.729583333333334,2.550405729302295
2022-05-21,28.925416666666667,1.040363561732008
2022-05-22,31.332916666666666,3.876821287743534
2022-05-23,38.913333333333334,2.5524083540446854
2022-05-24,38.945,3.091196475828401
2022-05-25,46.63625,4.428482724266908
2022-05-26,44.54916666666667,3.411760882424293
2022-05-27,44.831250000000004,5.159545238217941
2022-05-28,41.43958333333333,4.70489613540273
2022-05-29,37.58416666666667,9.62636231653865
2022-05-30,31.218333333333334,3.648112873285568
2022-05-31,48.54625000000001,5.571322388102658
2022-06-01,41.64416666666667,4.381696035204583
2022-06-02,35.99458333333333,3.011750869029749
2022-06-03,30.84166666666667,2.8837259513204168
2022-06-04,26.202083333333334,1.732645574953458
2022-06-05,25.988333333333333,1.8611769690561208
2022-06-06,25.34375,0.7155102314463058
2022-06-07,26.82166666666667,2.379686984653135
2022-06-08,26.65041666666667,1.635674250461622
2022-06-09,26.785833333333333,1.202641717823423
2022-06-10,26.780833333333334,2.2853748939281506
2022-06-11,25.612083333333334,1.2939154571087432
2022-06-12,26.886666666666667,0.8306240015097437
2022-06-13,26.232083333333332,0.6612371748845304
2022-06-14,26.45875,0.7006227819652288
2022-06-15,28.99625,3.3090702917363624
2022-06-16,28.83666666666667,2.5238388060334938
2022-06-17,27.489583333333332,1.4370485428449342
2022-06-18,25.874166666666667,0.5468003106346461
2022-06-19,26.079583333333332,0.5872521061962082
2022-06-20,26.78833333333333,1.4794642586942142
2022-06-21,31.0525,1.8093002490754115
2022-06-22,31.633750000000003,2.9883844879509884
2022-06-23,28.5175,1.4100978997773566
2022-06-24,29.360833333333332,2.2428222063452474
2022-06-25,27.37375,1.153617420193501
2022-06-26,27.963333333333335,1.921194525756594
2022-06-27,33.27916666666667,3.0856609702280022
2022-06-28,28.11583333333333,3.797205971290708
2022-06-29,27.205,0.842929673687319
2022-06-30,30.724166666666665,1.5838091580980842
2022-07-01,28.877916666666668,2.2352783683599604
2022-07-02,29.243750000000002,3.1222146717549295
2022-07-03,27.284166666666668,0.45882569075058793
2022-07-04,27.4325,0.8971803657546522
2022-07-05,33.55416666666667,1.9699589858159747
2022-07-06,31.219583333333333,2.3067905036080383
2022-07-07,33.928333333333335,1.7013438848430245
2022-07-08,35.615,2.585287806701268
2022-07-09,35.4425,1.579392425834254
2022-07-10,33.668749999999996,1.2200438783983933
2022-07-11,41.40625,4.57032565912264
2022-07-12,45.35583333333333,4.529770045671929
2022-07-13,39.44875,3.065077220816012
2022-07-14,39.592083333333335,3.3708146082495234
2022-07-15,40.041666666666664,5.42684684385571
2022-07-16,43.630833333333335,3.020345382879922
2022-07-17,36.8825,2.60214668904433
2022-07-18,42.496249999999996,9.466382998020809
2022-07-19,64.55291666666666,9.708880058624354
2022-07-20,65.88083333333334,10.587396492658316
2022-07-21,61.654583333333335,6.823880050914978
2022-07-22,58.475,4.95704329826456
2022-07-23,58.01208333333333,4.784113183158962
2022-07-24,66.82583333333334,11.424462280816421
2022-07-25,73.39291666666666,12.515411535614682
2022-07-26,73.21333333333332,13.391321546196375
2022-07-27,77.11416666666666,13.723067510001473
2022-07-28,75.78083333333333,12.548094231419356
2022-07-29,73.665,12.996814994451523
2022-07-30,69.99958333333333,12.891803421981527
2022-07-31,73.63333333333334,14.068788355686547
2022-08-01,67.9575,13.274175729752411
2022-08-02,63.550000000000004,12.334637690525076
2022-08-03,57.73291666666666,9.621550304063435
2022-08-04,60.775,10.902932593134507
2022-08-05,69.42625,11.22397039434101
2022-08-06,82.35041666666666,15.225836017359976
2022-08-07,86.42958333333333,18.950552241389254
2022-08-08,81.47500000000001,18.35976697777673
2022-08-09,69.99583333333334,17.753417286886446
2022-08-10,70.76458333333333,19.627027500732062
2022-08-11,73.7025,15.7682028007385
2022-08-12,71.7275,17.673356328469236
2022-08-13,71.10916666666667,9.005681258379969
2022-08-14,81.90958333333333,16.09544533985953
2022-08-15,73.785,15.937583418366518
2022-08-16,64.69708333333334,15.441090995236976
2022-08-17,66.21249999999999,16.649747158283894
2022-08-18,64.88291666666667,13.957735420895112
2022-08-19,63.59583333333333,12.848972524195709
2022-08-20,70.40958333333333,14.65747189755233
2022-08-21,80.865,17.585480176653643
2022-08-22,76.3125,19.55166205544774
2022-08-23,79.5175,19.238300623224635
2022-08-24,75.26916666666666,17.901783714058425
2022-08-25,81.87291666666667,18.757825608475283
2022-08-26,72.48416666666667,11.49146901596691
2022-08-27,77.63291666666667,15.723077881881464
2022-08-28,96.59750000000001,20.11307605168512
2022-08-29,91.0475,21.39450422116776
2022-08-30,101.39458333333333,35.83769001910973
2022-08-31,107.01208333333334,42.40398463425718
2022-09-01,104.59458333333333,31.224788644693774
2022-09-02,108.36125,41.58858835039079
2022-09-03,91.87374999999999,29.28367920761978
2022-09-04,96.96375,25.99387349432805
2022-09-05,96.55541666666666,27.758896259721332
2022-09-06,83.92708333333333,28.037853834502517
2022-09-07,86.28208333333333,21.374531772988448
2022-09-08,89.47125,23.699900258916877
2022-09-09,87.08958333333334,17.52298378383104
2022-09-10,103.52583333333332,25.14572760264985
2022-09-11,120.29374999999999,32.434215671041784
2022-09-12,90.52375,22.366960846301858
2022-09-13,79.25,17.000359842738877
2022-09-14,80.64291666666666,13.819837499568974
2022-09-15,77.93541666666667,11.388382325543589
2022-09-16,76.46875,12.279598956947998
2022-09-17,90.15375,23.145231608166124
2022-09-18,101.87541666666665,26.58735233464714
2022-09-19,124.32208333333334,33.651560204047996
2022-09-20,111.67458333333333,25.255310759481286
2022-09-21,122.77416666666666,27.089041891135803
2022-09-22,114.17,19.736441906545235
2022-09-23,118.95625,14.336724146022004
2022-09-24,136.21333333333334,28.3315095235686
2022-09-25,137.26624999999999,34.335933999047654
2022-09-26,113.08875,33.91359318499577
2022-09-27,102.78166666666668,28.71037120088756
2022-09-28,103.39041666666667,28.034466904177954
2022-09-29,106.40291666666667,26.620694218754057
2022-09-30,115.86874999999999,26.591742966976405
2022-10-01,130.02916666666667,28.402732862490033
2022-10-02,137.16666666666666,27.746934130155516
2022-10-03,134.34333333333333,28.71020174185426
2022-10-04,129.36125,31.18498319111997
2022-10-05,123.39666666666666,30.86527761609866
2022-10-06,130.57791666666665,28.915304504733292
2022-10-07,128.5575,29.796767588039675
2022-10-08,139.95708333333332,26.558849418367817
2022-10-09,148.01791666666665,32.32707869898152
2022-10-10,121.82,31.526329920573836
2022-10-11,116.77666666666666,14.788151151944374
2022-10-12,124.01291666666667,33.114108313286316
2022-10-13,111.00333333333333,32.301861524856655
2022-10-14,115.44749999999999,24.219037651868177
2022-10-15,139.02625,26.29315116849947
2022-10-16,139.22916666666666,21.102321923895246
2022-10-17,127.70583333333333,30.31507702328227
2022-10-18,108.97250000000001,23.34519078115867
2022-10-19,110.8525,25.11399752606364
2022-10-20,109.54333333333334,20.022936340860326
2022-10-21,103.80916666666667,11.830033597903945
2022-10-22,108.20541666666666,17.19430921508794
2022-10-23,113.01458333333333,15.24504965388029
2022-10-24,122.33958333333334,21.97172144592001
2022-10-25,116.34541666666667,16.11625751657561
2022-10-26,103.30708333333332,17.77785419612954
2022-10-27,111.19666666666666,20.009560033984332
2022-10-28,115.29708333333333,23.950092761764026
2022-10-29,123.82291666666667,21.52680038002512
2022-10-30,105.43708333333332,8.900844356218302
2022-10-31,85.98458333333333,14.272236039176587
2022-11-01,83.23208333333334,13.057339092122357
2022-11-02,77.63,13.568491954268296
2022-11-03,82.04458333333334,15.408196570590965
2022-11-04,83.29916666666666,10.388950198739238
2022-11-05,79.90291666666667,12.895154290145843
2022-11-06,95.98625,15.711264807386652
2022-11-07,86.02958333333333,12.225528699927615
2022-11-08,71.52166666666666,12.181497968379057
2022-11-09,72.30791666666666,16.993410482267546
2022-11-10,68.14125,10.610669082087387
2022-11-11,63.135416666666664,13.817970019905763
2022-11-12,68.845,14.059084329141537
2022-11-13,69.84333333333333,14.014364576845914
2022-11-14,80.47291666666666,17.077786863837673
2022-11-15,97.38416666666666,17.59935495771183
2022-11-16,103.86041666666667,18.645020195207906
2022-11-17,99.53625,17.682402407232576
2022-11-18,99.42458333333333,16.659206353862714
2022-11-19,101.50708333333334,19.223191039259955
2022-11-20,104.16916666666667,18.147401758370545
2022-11-21,102.5,14.828289062522996
2022-11-22,95.88291666666667,15.242793159296676
2022-11-23,94.80333333333334,15.8362110275831
2022-11-24,110.07708333333333,17.93923038414308
2022-11-25,118.00416666666666,10.35060045167163
2022-11-26,112.71708333333333,14.30595603515229
2022-11-27,103.8125,13.42463447806179
2022-11-28,115.57083333333334,18.232101387785576
2022-11-29,113.32708333333333,21.56761712648138
2022-11-30,95.67,16.33002196542627
2022-12-01,96.7325,22.825455898109063
2022-12-02,104.70833333333333,25.00461934134965
2022-12-03,105.25166666666667,20.504149456330445
2022-12-04,113.19,17.95404084346183
2022-12-05,112.23083333333334,22.234302898051894
2022-12-06,102.29208333333334,22.612298688827575
2022-12-07,91.55541666666666,24.88798592287253
2022-12-08,88.82125,16.601784166167207
2022-12-09,85.96875,17.943901788993486
2022-12-10,116.39999999999999,19.02365506872728
2022-12-11,115.6425,11.342013183005843
2022-12-12,91.83875,14.205678384701141
2022-12-13,85.62041666666666,16.05448182830459
2022-12-14,77.21916666666667,13.996475306822525
2022-12-15,76.88625,16.515390927858775
2022-12-16,93.68666666666667,20.65067988493708
2022-12-17,94.89708333333333,17.545156517117338
2022-12-18,91.24125,10.492324446118158
2022-12-19,81.30291666666666,10.890512615861196
2022-12-20,84.36583333333333,14.79436259163448
2022-12-21,97.56375000000001,23.474244686186523
2022-12-22,79.80208333333333,7.934673483962742
2022-12-23,86.05708333333332,10.20324393393407
2022-12-24,94.98541666666667,13.596228370610618
2022-12-25,107.91041666666666,15.27393815541238
2022-12-26,110.52708333333334,16.430334744576587
2022-12-27,82.90375,9.714007730882871
2022-12-28,82.91708333333334,10.95240195183197
2022-12-29,100.825,18.125766190702116
2022-12-30,99.46499999999999,15.922916490555911
2022-12-31,98.23625,12.040129210811799
